,,Time (s),pH
3:25:17 PM,0.00000,0,6.566868782
3:25:18 PM,0.00001,1,6.570489883
3:25:19 PM,0.00002,2,6.573668957
3:25:20 PM,0.00003,3,6.577284813
3:25:21 PM,0.00005,5,6.580927849
3:25:22 PM,0.00006,6,6.584754944
3:25:23 PM,0.00007,7,6.587726116
3:25:24 PM,0.00008,8,6.591786385
3:25:25 PM,0.00009,9,6.595291138
3:25:26 PM,0.00010,10,6.598470688
3:25:27 PM,0.00012,12,6.601915836
3:25:28 PM,0.00013,13,6.6053195
3:25:29 PM,0.00014,14,6.60860157
3:25:30 PM,0.00015,15,6.611946106
3:25:31 PM,0.00016,16,6.616015434
3:25:32 PM,0.00017,17,6.619497299
3:25:33 PM,0.00019,19,6.622363091
3:25:34 PM,0.00020,20,6.625806809
3:25:35 PM,0.00021,21,6.630399704
3:25:36 PM,0.00022,22,6.633597851
3:25:37 PM,0.00023,23,6.636771679
3:25:38 PM,0.00024,24,6.64221096
3:25:39 PM,0.00025,25,6.645119667
3:25:40 PM,0.00027,27,6.648460388
3:25:41 PM,0.00028,28,6.651648998
3:25:42 PM,0.00029,29,6.655653477
3:25:43 PM,0.00030,30,6.659359455
3:25:44 PM,0.00031,31,6.661925793
3:25:45 PM,0.00032,32,6.664406776
3:25:46 PM,0.00034,34,6.667793274
3:25:47 PM,0.00035,35,6.670770645
3:25:48 PM,0.00036,36,6.673827648
3:25:49 PM,0.00037,37,6.677294731
3:25:50 PM,0.00038,38,6.680710316
3:25:51 PM,0.00039,39,6.682994366
3:25:52 PM,0.00041,41,6.685951233
3:25:53 PM,0.00042,42,6.688836575
3:25:54 PM,0.00043,43,6.693370342
3:25:55 PM,0.00044,44,6.695598126
3:25:56 PM,0.00045,45,6.699879646
3:25:57 PM,0.00046,46,6.702987671
3:25:58 PM,0.00047,47,6.705684185
3:25:59 PM,0.00049,49,6.708186626
3:26:00 PM,0.00050,50,6.711852551
3:26:01 PM,0.00051,51,6.714567184
3:26:02 PM,0.00052,52,6.717448235
3:26:03 PM,0.00053,53,6.721013069
3:26:04 PM,0.00054,54,6.723870277
3:26:05 PM,0.00056,56,6.727662563
3:26:06 PM,0.00057,57,6.731548786
3:26:07 PM,0.00058,58,6.73503542
3:26:08 PM,0.00059,59,6.737697601
3:26:09 PM,0.00060,60,6.740531445
3:26:10 PM,0.00061,61,6.743920803
3:26:11 PM,0.00063,63,6.746916294
3:26:12 PM,0.00064,64,6.747992992
3:26:13 PM,0.00065,65,6.751513004
3:26:14 PM,0.00066,66,6.754971981
3:26:15 PM,0.00067,67,6.757670879
3:26:16 PM,0.00068,68,6.760402679
3:26:17 PM,0.00069,69,6.763206959
3:26:18 PM,0.00071,71,6.766505718
3:26:19 PM,0.00072,72,6.76941824
3:26:20 PM,0.00073,73,6.77276516
3:26:21 PM,0.00074,74,6.775621414
3:26:22 PM,0.00075,75,6.778430939
3:26:23 PM,0.00076,76,6.780355454
3:26:24 PM,0.00078,78,6.783941746
3:26:25 PM,0.00079,79,6.786677837
3:26:26 PM,0.00080,80,6.789429188
3:26:27 PM,0.00081,81,6.792033196
3:26:28 PM,0.00082,82,6.794555187
3:26:29 PM,0.00083,83,6.798190594
3:26:30 PM,0.00084,84,6.799943447
Group 8 Trial 2 Slow Stirring For Realz,#VALUE!,#VALUE!,
3:26:31 PM,0.00086,86,6.799255848
3:26:32 PM,0.00087,87,6.806934357
3:26:33 PM,0.00088,88,6.811762333
3:26:34 PM,0.00089,89,6.811986446
3:26:35 PM,0.00090,90,6.81077385
3:26:36 PM,0.00091,91,6.815068245
3:26:37 PM,0.00093,93,6.820302486
3:26:38 PM,0.00094,94,6.822375774
3:26:39 PM,0.00095,95,6.820701599
3:26:40 PM,0.00096,96,6.822634697
3:26:41 PM,0.00097,97,6.828705788
3:26:42 PM,0.00098,98,6.833084106
3:26:43 PM,0.00100,100,6.832636833
3:26:44 PM,0.00101,101,6.831864834
3:26:45 PM,0.00102,102,6.83629179
3:26:46 PM,0.00103,103,6.840001583
3:26:47 PM,0.00104,104,6.842999458
3:26:48 PM,0.00105,105,6.841328621
3:26:49 PM,0.00106,106,6.843501091
3:26:50 PM,0.00108,108,6.851102829
3:26:51 PM,0.00109,109,6.852570534
3:26:52 PM,0.00110,110,6.851964474
3:26:53 PM,0.00111,111,6.853504181
3:26:54 PM,0.00112,112,6.857946396
3:26:55 PM,0.00113,113,6.862862587
3:26:56 PM,0.00115,115,6.865580082
3:26:57 PM,0.00116,116,6.865168572
3:26:58 PM,0.00117,117,6.866689682
3:26:59 PM,0.00118,118,6.872728825
3:27:00 PM,0.00119,119,6.876185417
3:27:01 PM,0.00120,120,6.874703884
3:27:02 PM,0.00122,122,6.87509203
3:27:03 PM,0.00123,123,6.880144119
3:27:04 PM,0.00124,124,6.884433746
3:27:05 PM,0.00125,125,6.885179997
3:27:06 PM,0.00126,126,6.886146069
3:27:07 PM,0.00127,127,6.886473179
3:27:08 PM,0.00128,128,6.893177033
3:27:09 PM,0.00130,130,6.899198532
3:27:10 PM,0.00131,131,6.894019604
3:27:11 PM,0.00132,132,6.895156384
3:27:12 PM,0.00133,133,6.898832798
3:27:13 PM,0.00134,134,6.902266502
3:27:14 PM,0.00135,135,6.902297497
3:27:15 PM,0.00137,137,6.904120922
3:27:16 PM,0.00138,138,6.902914047
3:27:17 PM,0.00139,139,6.908324719
3:27:18 PM,0.00140,140,6.979037762
3:27:19 PM,0.00141,141,6.975130558
3:27:20 PM,0.00142,142,6.95685339
3:27:21 PM,0.00144,144,6.952794552
3:27:22 PM,0.00145,145,6.949461937
3:27:23 PM,0.00146,146,6.946471214
3:27:24 PM,0.00147,147,6.94088316
3:27:25 PM,0.00148,148,6.941110611
3:27:26 PM,0.00149,149,6.944095135
3:27:27 PM,0.00150,150,6.945038319
3:27:28 PM,0.00152,152,6.940950394
3:27:29 PM,0.00153,153,6.939943314
3:27:30 PM,0.00154,154,6.942029953
3:27:31 PM,0.00155,155,6.948467732
3:27:32 PM,0.00156,156,6.943921566
3:27:33 PM,0.00157,157,6.94169426
3:27:34 PM,0.00159,159,6.945976734
3:27:35 PM,0.00160,160,6.946327686
3:27:36 PM,0.00161,161,6.947246075
3:27:37 PM,0.00162,162,6.945365906
3:27:38 PM,0.00163,163,6.94614172
3:27:39 PM,0.00164,164,6.950759888
3:27:40 PM,0.00166,166,6.952600956
3:27:41 PM,0.00167,167,6.949676037
3:27:42 PM,0.00168,168,6.983452797
3:27:43 PM,0.00169,169,6.952748776
3:27:44 PM,0.00170,170,6.953458309
3:27:45 PM,0.00171,171,6.954240322
3:27:46 PM,0.00172,172,6.952280998
3:27:47 PM,0.00174,174,6.96737051
3:27:48 PM,0.00175,175,6.955683708
3:27:49 PM,0.00176,176,6.959073544
3:27:50 PM,0.00177,177,6.956670284
3:27:51 PM,0.00178,178,6.953760624
3:27:52 PM,0.00179,179,6.957766533
3:27:53 PM,0.00181,181,6.959621429
3:27:54 PM,0.00182,182,6.958464146
3:27:55 PM,0.00183,183,6.95657444
3:27:56 PM,0.00184,184,6.95753479
3:27:57 PM,0.00185,185,6.958853722
3:27:58 PM,0.00186,186,6.965808868
3:27:59 PM,0.00187,187,6.959557056
3:28:00 PM,0.00189,189,6.961088181
3:28:01 PM,0.00190,190,6.964941025
3:28:02 PM,0.00191,191,6.969693184
3:28:03 PM,0.00192,192,6.967543125
3:28:04 PM,0.00193,193,6.965170384
3:28:05 PM,0.00194,194,6.968580246
3:28:06 PM,0.00196,196,6.969421387
3:28:07 PM,0.00197,197,6.972752094
3:28:08 PM,0.00198,198,6.9689641
3:28:09 PM,0.00199,199,6.970189571
3:28:10 PM,0.00200,200,6.974734783
3:28:11 PM,0.00201,201,6.974289417
3:28:12 PM,0.00203,203,6.977808952
3:28:13 PM,0.00204,204,6.974730015
3:28:14 PM,0.00205,205,6.974578381
3:28:15 PM,0.00206,206,6.978319645
3:28:16 PM,0.00207,207,6.977917671
3:28:17 PM,0.00208,208,6.97636795
3:28:18 PM,0.00209,209,6.974282742
3:28:19 PM,0.00211,211,6.975608349
3:28:20 PM,0.00212,212,6.980613709
3:28:21 PM,0.00213,213,6.976397038
3:28:22 PM,0.00214,214,6.975997448
3:28:23 PM,0.00215,215,6.977623463
3:28:24 PM,0.00216,216,6.978714943
3:28:25 PM,0.00218,218,6.979171753
3:28:26 PM,0.00219,219,6.976608753
3:28:27 PM,0.00220,220,6.974293232
3:28:28 PM,0.00221,221,6.979609966
3:28:29 PM,0.00222,222,6.979779244
3:28:30 PM,0.00223,223,6.982383251
3:28:31 PM,0.00225,225,6.978690624
3:28:32 PM,0.00226,226,6.981334686
3:28:33 PM,0.00227,227,6.98417902
3:28:34 PM,0.00228,228,6.983738422
3:28:35 PM,0.00229,229,6.982159138
3:28:36 PM,0.00230,230,6.984779835
3:28:37 PM,0.00231,231,6.983524323
3:28:38 PM,0.00233,233,6.98389101
3:28:39 PM,0.00234,234,6.980481148
3:28:40 PM,0.00235,235,6.97974205
3:28:41 PM,0.00236,236,6.9823699
3:28:42 PM,0.00237,237,6.983726502
3:28:43 PM,0.00238,238,6.985060692
3:28:44 PM,0.00240,240,6.982091427
3:28:45 PM,0.00241,241,6.983143807
3:28:46 PM,0.00242,242,6.986484528
3:28:47 PM,0.00243,243,6.988936424
3:28:48 PM,0.00244,244,6.986015797
3:28:49 PM,0.00245,245,6.983972549
3:28:50 PM,0.00247,247,6.987202644
3:28:51 PM,0.00248,248,6.989825249
3:28:52 PM,0.00249,249,6.98825407
3:28:53 PM,0.00250,250,6.985636711
3:28:54 PM,0.00251,251,6.990262508
3:28:55 PM,0.00252,252,6.991814137
3:28:56 PM,0.00253,253,6.993597031
3:28:57 PM,0.00255,255,6.99046278
3:28:58 PM,0.00256,256,6.988609314
3:28:59 PM,0.00257,257,6.991179466
3:29:00 PM,0.00258,258,6.992389202
3:29:01 PM,0.00259,259,6.991434097
3:29:02 PM,0.00260,260,6.989571571
3:29:03 PM,0.00262,262,6.991366386
3:29:04 PM,0.00263,263,6.995073795
3:29:05 PM,0.00264,264,6.995390892
3:29:06 PM,0.00265,265,6.993114471
3:29:07 PM,0.00266,266,6.992972851
3:29:08 PM,0.00267,267,6.997506142
3:29:09 PM,0.00269,269,6.998618126
3:29:10 PM,0.00270,270,7.008832455
3:29:11 PM,0.00271,271,6.995631695
3:29:12 PM,0.00272,272,6.996632099
3:29:13 PM,0.00273,273,6.996960163
3:29:14 PM,0.00274,274,6.996680737
3:29:15 PM,0.00275,275,6.994338036
3:29:16 PM,0.00277,277,6.993328571
3:29:17 PM,0.00278,278,7.00125885
3:29:18 PM,0.00279,279,7.0163517
3:29:19 PM,0.00280,280,6.995343685
3:29:20 PM,0.00281,281,6.994147778
3:29:21 PM,0.00282,282,6.99613905
3:29:22 PM,0.00284,284,6.998804569
3:29:23 PM,0.00285,285,7.000871182
3:29:24 PM,0.00286,286,6.997274399
3:29:25 PM,0.00287,287,6.99783659
3:29:26 PM,0.00288,288,7.000770569
3:29:27 PM,0.00289,289,7.000188828
3:29:28 PM,0.00291,291,6.996425152
3:29:29 PM,0.00292,292,6.996709824
3:29:30 PM,0.00293,293,6.999809742
3:29:31 PM,0.00294,294,7.000100136
3:29:32 PM,0.00295,295,6.998298645
3:29:33 PM,0.00296,296,6.996077538
3:29:34 PM,0.00297,297,6.9968853
3:29:35 PM,0.00299,299,6.998610497
3:29:36 PM,0.00300,300,6.999042988
3:29:37 PM,0.00301,301,6.997134209
3:29:38 PM,0.00302,302,6.992184162
3:29:39 PM,0.00303,303,6.995489597
3:29:40 PM,0.00304,304,6.997648716
3:29:41 PM,0.00306,306,6.994844914
3:29:42 PM,0.00307,307,6.993076801
3:29:43 PM,0.00308,308,6.992849827
3:29:44 PM,0.00309,309,6.992969036
3:29:45 PM,0.00310,310,7.002464771
3:29:46 PM,0.00311,311,6.994120598
3:29:47 PM,0.00312,312,6.993572712
3:29:48 PM,0.00314,314,6.995599747
3:29:49 PM,0.00315,315,6.994805336
3:29:50 PM,0.00316,316,6.992546558
3:29:51 PM,0.00317,317,6.99187851
3:29:52 PM,0.00318,318,6.993704796
3:29:53 PM,0.00319,319,6.994814396
3:29:54 PM,0.00321,321,6.994038105
3:29:55 PM,0.00322,322,6.992533207
3:29:56 PM,0.00323,323,6.99245882
3:29:57 PM,0.00324,324,6.997364521
3:29:58 PM,0.00325,325,6.999145031
3:29:59 PM,0.00326,326,6.994308472
3:30:00 PM,0.00328,328,6.991967678
3:30:01 PM,0.00329,329,6.995209694
3:30:02 PM,0.00330,330,6.997075558
3:30:03 PM,0.00331,331,6.994633675
3:30:04 PM,0.00332,332,6.992938519
3:30:05 PM,0.00333,333,6.991658211
3:30:06 PM,0.00334,334,6.992303848
3:30:07 PM,0.00336,336,6.994689465
3:30:08 PM,0.00337,337,6.991518498
3:30:09 PM,0.00338,338,6.98927784
3:30:10 PM,0.00339,339,6.993299007
3:30:11 PM,0.00340,340,6.994355202
3:30:12 PM,0.00341,341,6.992906094
3:30:13 PM,0.00343,343,6.990446568
3:30:14 PM,0.00344,344,6.98995018
3:30:15 PM,0.00345,345,6.992796421
3:30:16 PM,0.00346,346,6.993883133
3:30:17 PM,0.00347,347,6.990592003
3:30:18 PM,0.00348,348,6.990701199
3:30:19 PM,0.00350,350,6.991623879
3:30:20 PM,0.00351,351,6.992660999
3:30:21 PM,0.00352,352,6.990140438
3:30:22 PM,0.00353,353,6.987290382
3:30:23 PM,0.00354,354,6.989025593
3:30:24 PM,0.00355,355,6.989820004
3:30:25 PM,0.00356,356,6.9919734
3:30:26 PM,0.00358,358,6.991193295
3:30:27 PM,0.00359,359,6.986961365
3:30:28 PM,0.00360,360,6.990361691
3:30:29 PM,0.00361,361,6.991884232
3:30:30 PM,0.00362,362,6.988956928
3:30:31 PM,0.00363,363,6.984663963
3:30:32 PM,0.00365,365,6.987515926
3:30:33 PM,0.00366,366,6.988209248
3:30:34 PM,0.00367,367,6.989186287
3:30:35 PM,0.00368,368,6.984864235
3:30:36 PM,0.00369,369,6.984372616
3:30:37 PM,0.00370,370,6.987030506
3:30:38 PM,0.00372,372,6.988488674
3:30:39 PM,0.00373,373,6.985127926
3:30:40 PM,0.00374,374,6.983448029
3:30:41 PM,0.00375,375,6.987261772
3:30:42 PM,0.00376,376,6.98776722
3:30:43 PM,0.00377,377,6.987112522
3:30:44 PM,0.00378,378,6.983960152
3:30:45 PM,0.00380,380,6.984416962
3:30:46 PM,0.00381,381,6.988256455
3:30:47 PM,0.00382,382,6.987650871
3:30:48 PM,0.00383,383,6.986569405
3:30:49 PM,0.00384,384,6.977263451
3:30:50 PM,0.00385,385,6.972896576
3:30:51 PM,0.00387,387,6.987494469
3:30:52 PM,0.00388,388,6.978020668
3:30:53 PM,0.00389,389,6.975576401
3:30:54 PM,0.00390,390,6.977291584
3:30:55 PM,0.00391,391,6.98030901
3:30:56 PM,0.00392,392,6.979681015
3:30:57 PM,0.00394,394,6.977266789
3:30:58 PM,0.00395,395,6.975101471
3:30:59 PM,0.00396,396,6.97885561
3:31:00 PM,0.00397,397,6.980860233
3:31:01 PM,0.00398,398,6.977903366
3:31:02 PM,0.00399,399,6.974995613
3:31:03 PM,0.00400,400,6.976595879
3:31:04 PM,0.00402,402,6.978559017
3:31:05 PM,0.00403,403,6.978114128
3:31:06 PM,0.00404,404,6.974408627
3:31:07 PM,0.00405,405,6.973787785
3:31:08 PM,0.00406,406,6.974669933
3:31:09 PM,0.00407,407,6.974663258
3:31:10 PM,0.00409,409,6.970961094
3:31:11 PM,0.00410,410,6.969652176
3:31:12 PM,0.00411,411,6.972365379
3:31:13 PM,0.00412,412,6.979785919
3:31:14 PM,0.00413,413,6.980542183
3:31:15 PM,0.00414,414,6.974045277
3:31:16 PM,0.00416,416,6.970006943
3:31:17 PM,0.00417,417,6.971616745
3:31:18 PM,0.00418,418,6.973300934
3:31:19 PM,0.00419,419,6.970266342
3:31:20 PM,0.00420,420,6.968598366
3:31:21 PM,0.00421,421,6.971467018
3:31:22 PM,0.00422,422,6.971067905
3:31:23 PM,0.00424,424,6.969131947
3:31:24 PM,0.00425,425,6.965802193
3:31:25 PM,0.00426,426,6.96621275
3:31:26 PM,0.00427,427,6.967306137
3:31:27 PM,0.00428,428,6.968595982
3:31:28 PM,0.00429,429,6.963478565
3:31:29 PM,0.00431,431,6.962626457
3:31:30 PM,0.00432,432,6.965869904
3:31:31 PM,0.00433,433,6.965201855
3:31:32 PM,0.00434,434,6.96323204
3:31:33 PM,0.00435,435,6.963798523
3:31:34 PM,0.00436,436,6.959349155
3:31:35 PM,0.00437,437,6.9684062
3:31:36 PM,0.00439,439,6.963925839
3:31:37 PM,0.00440,440,6.955215931
3:31:38 PM,0.00441,441,6.95374155
3:31:39 PM,0.00442,442,6.957314968
3:31:40 PM,0.00443,443,6.957087517
3:31:41 PM,0.00444,444,6.959758282
3:31:42 PM,0.00446,446,6.953608036
3:31:43 PM,0.00447,447,6.955202103
3:31:44 PM,0.00448,448,6.955471516
3:31:45 PM,0.00449,449,6.956492901
3:31:46 PM,0.00450,450,6.955271721
3:31:47 PM,0.00451,451,6.952030659
3:31:48 PM,0.00453,453,6.954275131
3:31:49 PM,0.00454,454,6.954284191
3:31:50 PM,0.00455,455,6.951695919
3:31:51 PM,0.00456,456,6.949030876
3:31:52 PM,0.00457,457,6.949326038
3:31:53 PM,0.00458,458,6.952643395
3:31:54 PM,0.00459,459,6.949193955
3:31:55 PM,0.00461,461,6.94527626
3:31:56 PM,0.00462,462,6.944312096
3:31:57 PM,0.00463,463,6.946961403
3:31:58 PM,0.00464,464,6.947396278
3:31:59 PM,0.00465,465,6.943333626
3:32:00 PM,0.00466,466,6.941299439
3:32:01 PM,0.00468,468,6.942929268
3:32:02 PM,0.00469,469,6.943984509
3:32:03 PM,0.00470,470,6.941459179
3:32:04 PM,0.00471,471,6.943442822
3:32:05 PM,0.00472,472,6.939413548
3:32:06 PM,0.00473,473,6.940886498
3:32:07 PM,0.00475,475,6.940804005
3:32:08 PM,0.00476,476,6.937881947
3:32:09 PM,0.00477,477,6.936571598
3:32:10 PM,0.00478,478,6.938052654
3:32:11 PM,0.00479,479,6.9378438
3:32:12 PM,0.00480,480,6.935023308
3:32:13 PM,0.00481,481,6.931974411
3:32:14 PM,0.00483,483,6.937540054
3:32:15 PM,0.00484,484,6.93484354
3:32:16 PM,0.00485,485,6.939264298
3:32:17 PM,0.00486,486,6.932626247
3:32:18 PM,0.00487,487,6.929419041
3:32:19 PM,0.00488,488,6.930980682
3:32:20 PM,0.00490,490,6.929670334
3:32:21 PM,0.00491,491,6.927620411
3:32:22 PM,0.00492,492,6.924108505
3:32:23 PM,0.00493,493,6.925302506
3:32:24 PM,0.00494,494,6.926702976
3:32:25 PM,0.00495,495,6.926596165
3:32:26 PM,0.00497,497,6.923538208
3:32:27 PM,0.00498,498,6.920712471
3:32:28 PM,0.00499,499,6.922329426
3:32:29 PM,0.00500,500,6.923894882
3:32:30 PM,0.00501,501,6.920998097
3:32:31 PM,0.00502,502,6.916892529
3:32:32 PM,0.00503,503,6.918207169
3:32:33 PM,0.00505,505,6.919562817
3:32:34 PM,0.00506,506,6.919326305
3:32:35 PM,0.00507,507,6.916454315
3:32:36 PM,0.00508,508,6.922076225
3:32:37 PM,0.00509,509,6.913190365
3:32:38 PM,0.00510,510,6.930621147
3:32:39 PM,0.00512,512,6.914182186
3:32:40 PM,0.00513,513,6.915315151
3:32:41 PM,0.00514,514,6.917279244
3:32:42 PM,0.00515,515,6.916646957
3:32:43 PM,0.00516,516,6.91546154
3:32:44 PM,0.00517,517,6.912976265
3:32:45 PM,0.00519,519,6.910197735
3:32:46 PM,0.00520,520,6.911737442
3:32:47 PM,0.00521,521,6.911506176
3:32:48 PM,0.00522,522,6.908602715
3:32:49 PM,0.00523,523,6.905202389
3:32:50 PM,0.00524,524,6.905847549
3:32:51 PM,0.00525,525,6.907511711
3:32:52 PM,0.00527,527,6.906254292
3:32:53 PM,0.00528,528,6.902316093
3:32:54 PM,0.00529,529,6.902918339
3:32:55 PM,0.00530,530,6.903792858
3:32:56 PM,0.00531,531,6.903437614
3:32:57 PM,0.00532,532,6.900134087
3:32:58 PM,0.00534,534,6.896894455
3:32:59 PM,0.00535,535,6.89947176
3:33:00 PM,0.00536,536,6.899322033
3:33:01 PM,0.00537,537,6.896454811
3:33:02 PM,0.00538,538,6.894572258
3:33:03 PM,0.00539,539,6.893547058
3:33:04 PM,0.00541,541,6.895705223
3:33:05 PM,0.00542,542,6.895346165
3:33:06 PM,0.00543,543,6.89055109
3:33:07 PM,0.00544,544,6.88849926
3:33:08 PM,0.00545,545,6.891064644
3:33:09 PM,0.00546,546,6.891134739
3:33:10 PM,0.00547,547,6.889232159
3:33:11 PM,0.00549,549,6.885812759
3:33:12 PM,0.00550,550,6.887589932
3:33:13 PM,0.00551,551,6.888245106
3:33:14 PM,0.00552,552,6.887151718
3:33:15 PM,0.00553,553,6.884867668
3:33:16 PM,0.00554,554,6.881427288
3:33:17 PM,0.00556,556,6.883509159
3:33:18 PM,0.00557,557,6.886683464
3:33:19 PM,0.00558,558,6.881247044
3:33:20 PM,0.00559,559,6.87778616
3:33:21 PM,0.00560,560,6.878279209
3:33:22 PM,0.00561,561,6.879146099
3:33:23 PM,0.00562,562,6.880059719
3:33:24 PM,0.00564,564,6.873647213
3:33:25 PM,0.00565,565,6.8721385
3:33:26 PM,0.00566,566,6.874768257
3:33:27 PM,0.00567,567,6.873448372
3:33:28 PM,0.00568,568,6.870089531
3:33:29 PM,0.00569,569,6.866899967
3:33:30 PM,0.00571,571,6.869021893
3:33:31 PM,0.00572,572,6.86878252
3:33:32 PM,0.00573,573,6.865253925
3:33:33 PM,0.00574,574,6.862526417
3:33:34 PM,0.00575,575,6.860972405
3:33:35 PM,0.00576,576,6.8624506
3:33:36 PM,0.00578,578,6.864880085
3:33:37 PM,0.00579,579,6.859312058
3:33:38 PM,0.00580,580,6.858637333
3:33:39 PM,0.00581,581,6.861011982
3:33:40 PM,0.00582,582,6.862305164
3:33:41 PM,0.00583,583,6.861210346
3:33:42 PM,0.00584,584,6.856823444
3:33:43 PM,0.00586,586,6.858289719
3:33:44 PM,0.00587,587,6.858613968
3:33:45 PM,0.00588,588,6.8574996
3:33:46 PM,0.00589,589,6.85424757
3:33:47 PM,0.00590,590,6.851978779
3:33:48 PM,0.00591,591,6.854199886
3:33:49 PM,0.00593,593,6.854433537
3:33:50 PM,0.00594,594,6.852023602
3:33:51 PM,0.00595,595,6.85027647
3:33:52 PM,0.00596,596,6.848653793
3:33:53 PM,0.00597,597,6.851338863
3:33:54 PM,0.00598,598,6.849999905
3:33:55 PM,0.00600,600,6.845500946
3:33:56 PM,0.00601,601,6.843772411
3:33:57 PM,0.00602,602,6.845208168
3:33:58 PM,0.00603,603,6.846981525
3:33:59 PM,0.00604,604,6.843161583
3:34:00 PM,0.00605,605,6.839446545
3:34:01 PM,0.00606,606,6.841217995
3:34:02 PM,0.00608,608,6.839640141
3:34:03 PM,0.00609,609,6.8397398
3:34:04 PM,0.00610,610,6.836778641
3:34:05 PM,0.00611,611,6.83492136
3:34:06 PM,0.00612,612,6.837172031
3:34:07 PM,0.00613,613,6.836986542
3:34:08 PM,0.00615,615,6.831837654
3:34:09 PM,0.00616,616,6.829470635
3:34:10 PM,0.00617,617,6.828660011
3:34:11 PM,0.00618,618,6.829755783
3:34:12 PM,0.00619,619,6.828675747
3:34:13 PM,0.00620,620,6.824094296
3:34:14 PM,0.00622,622,6.821814537
3:34:15 PM,0.00623,623,6.82307148
3:34:16 PM,0.00624,624,6.823152065
3:34:17 PM,0.00625,625,6.818077087
3:34:18 PM,0.00626,626,6.814698696
3:34:19 PM,0.00627,627,6.816663742
3:34:20 PM,0.00628,628,6.81687212
3:34:21 PM,0.00630,630,6.814677239
3:34:22 PM,0.00631,631,6.810772896
3:34:23 PM,0.00632,632,6.80950737
3:34:24 PM,0.00633,633,6.810804844
3:34:25 PM,0.00634,634,6.809504032
3:34:26 PM,0.00635,635,6.805499077
3:34:27 PM,0.00637,637,6.802907467
3:34:28 PM,0.00638,638,6.803758144
3:34:29 PM,0.00639,639,6.805125237
3:34:30 PM,0.00640,640,6.801321983
3:34:31 PM,0.00641,641,6.796839714
3:34:32 PM,0.00642,642,6.797195911
3:34:33 PM,0.00644,644,6.798632145
3:34:34 PM,0.00645,645,6.798703671
3:34:35 PM,0.00646,646,6.794002056
3:34:36 PM,0.00647,647,6.792656422
3:34:37 PM,0.00648,648,6.794615746
3:34:38 PM,0.00649,649,6.794116974
3:34:39 PM,0.00650,650,6.78981638
3:34:40 PM,0.00652,652,6.78596592
3:34:41 PM,0.00653,653,6.786630154
3:34:42 PM,0.00654,654,6.78725481
3:34:43 PM,0.00655,655,6.786446571
3:34:44 PM,0.00656,656,6.782017231
3:34:45 PM,0.00657,657,6.77924633
3:34:46 PM,0.00659,659,6.780696869
3:34:47 PM,0.00660,660,6.780039311
3:34:48 PM,0.00661,661,6.772879124
3:34:49 PM,0.00662,662,6.769058704
3:34:50 PM,0.00663,663,6.770059109
3:34:51 PM,0.00664,664,6.771767616
3:34:52 PM,0.00666,666,6.768972874
3:34:53 PM,0.00667,667,6.765142441
3:34:54 PM,0.00668,668,6.763629437
3:34:55 PM,0.00669,669,6.767384052
3:34:56 PM,0.00670,670,6.766644001
3:34:57 PM,0.00671,671,6.764420033
3:34:58 PM,0.00672,672,6.761015892
3:34:59 PM,0.00674,674,6.763023853
3:35:00 PM,0.00675,675,6.765140057
3:35:01 PM,0.00676,676,6.763070107
3:35:02 PM,0.00677,677,6.759522915
3:35:03 PM,0.00678,678,6.758130074
3:35:04 PM,0.00679,679,6.759130478
3:35:05 PM,0.00681,681,6.760174751
3:35:06 PM,0.00682,682,6.753440857
3:35:07 PM,0.00683,683,6.750292301
3:35:08 PM,0.00684,684,6.756269932
3:35:09 PM,0.00685,685,6.752412796
3:35:10 PM,0.00686,686,6.749578476
3:35:11 PM,0.00687,687,6.74568224
3:35:12 PM,0.00689,689,6.745965004
3:35:13 PM,0.00690,690,6.747707844
3:35:14 PM,0.00691,691,6.744644642
3:35:15 PM,0.00692,692,6.739523411
3:35:16 PM,0.00693,693,6.736265659
3:35:17 PM,0.00694,694,6.737752438
3:35:18 PM,0.00696,696,6.744966507
3:35:19 PM,0.00697,697,6.737130642
3:35:20 PM,0.00698,698,6.730899334
3:35:21 PM,0.00699,699,6.731092453
3:35:22 PM,0.00700,700,6.732707024
3:35:23 PM,0.00701,701,6.730923176
3:35:24 PM,0.00703,703,6.730164051
3:35:25 PM,0.00704,704,6.723238945
3:35:26 PM,0.00705,705,6.724600792
3:35:27 PM,0.00706,706,6.72381258
3:35:28 PM,0.00707,707,6.718926907
3:35:29 PM,0.00708,708,6.716900349
3:35:30 PM,0.00709,709,6.71762228
3:35:31 PM,0.00711,711,6.71727562
3:35:32 PM,0.00712,712,6.715771675
3:35:33 PM,0.00713,713,6.711928845
3:35:34 PM,0.00714,714,6.710402489
3:35:35 PM,0.00715,715,6.71312809
3:35:36 PM,0.00716,716,6.714337826
3:35:37 PM,0.00718,718,6.708353043
3:35:38 PM,0.00719,719,6.706405163
3:35:39 PM,0.00720,720,6.707741261
3:35:40 PM,0.00721,721,6.706825733
3:35:41 PM,0.00722,722,6.70468998
3:35:42 PM,0.00723,723,6.70059824
3:35:43 PM,0.00725,725,6.70001173
3:35:44 PM,0.00726,726,6.700710774
3:35:45 PM,0.00727,727,6.699392796
3:35:46 PM,0.00728,728,6.696238518
3:35:47 PM,0.00729,729,6.691409588
3:35:48 PM,0.00730,730,6.69249773
3:35:49 PM,0.00731,731,6.792590618
3:35:50 PM,0.00733,733,6.73446703
3:35:51 PM,0.00734,734,6.676364899
3:35:52 PM,0.00735,735,6.669352531
3:35:53 PM,0.00736,736,6.67205286
3:35:54 PM,0.00737,737,6.672499657
3:35:55 PM,0.00738,738,6.669119358
3:35:56 PM,0.00740,740,6.667466641
3:35:57 PM,0.00741,741,6.66976738
3:35:58 PM,0.00742,742,6.670427799
3:35:59 PM,0.00743,743,6.667728424
3:36:00 PM,0.00744,744,6.665070057
3:36:01 PM,0.00745,745,6.666502476
3:36:02 PM,0.00747,747,6.666070938
3:36:03 PM,0.00748,748,6.665106297
3:36:04 PM,0.00749,749,6.662025929
3:36:05 PM,0.00750,750,6.659454823
3:36:06 PM,0.00751,751,6.66194725
3:36:07 PM,0.00752,752,6.663277626
3:36:08 PM,0.00753,753,6.658335686
3:36:09 PM,0.00755,755,6.655840397
3:36:10 PM,0.00756,756,6.655105591
3:36:11 PM,0.00757,757,6.655463696
3:36:12 PM,0.00758,758,6.655337811
3:36:13 PM,0.00759,759,6.648010254
3:36:14 PM,0.00760,760,6.64725256
3:36:15 PM,0.00762,762,6.647539139
3:36:16 PM,0.00763,763,6.646190643
3:36:17 PM,0.00764,764,6.644083023
3:36:18 PM,0.00765,765,6.639172554
3:36:19 PM,0.00766,766,6.641495705
3:36:20 PM,0.00767,767,6.641272068
3:36:21 PM,0.00769,769,6.637904644
3:36:22 PM,0.00770,770,6.626010418
3:36:23 PM,0.00771,771,6.632258892
3:36:24 PM,0.00772,772,6.637194634
3:36:25 PM,0.00773,773,6.634851456
3:36:26 PM,0.00774,774,6.631740093
3:36:27 PM,0.00775,775,6.628036499
3:36:28 PM,0.00777,777,6.628971577
3:36:29 PM,0.00778,778,6.631781101
3:36:30 PM,0.00779,779,6.630508423
3:36:31 PM,0.00780,780,6.623021603
3:36:32 PM,0.00781,781,6.626193523
3:36:33 PM,0.00782,782,6.626580715
3:36:34 PM,0.00784,784,6.624070644
3:36:35 PM,0.00785,785,6.62221098
3:36:36 PM,0.00786,786,6.6178689
3:36:37 PM,0.00787,787,6.620683193
3:36:38 PM,0.00788,788,6.620066166
3:36:39 PM,0.00789,789,6.61504364
3:36:40 PM,0.00790,790,6.614334106
3:36:41 PM,0.00792,792,6.608237743
3:36:42 PM,0.00793,793,6.620138168
3:36:43 PM,0.00794,794,6.621308804
3:36:44 PM,0.00795,795,6.610805035
3:36:45 PM,0.00796,796,6.615880489
3:36:46 PM,0.00797,797,6.60202837
3:36:47 PM,0.00799,799,6.625396729
3:36:48 PM,0.00800,800,6.604890347
3:36:49 PM,0.00801,801,6.592971325
3:36:50 PM,0.00802,802,6.595090389
3:36:51 PM,0.00803,803,6.592995167
3:36:52 PM,0.00804,804,6.591875076
3:36:53 PM,0.00806,806,6.583965302
3:36:54 PM,0.00807,807,6.580512524
3:36:55 PM,0.00808,808,6.580228329
3:36:56 PM,0.00809,809,6.579030991
3:36:57 PM,0.00810,810,6.572491646
3:36:58 PM,0.00811,811,6.567795754
3:36:59 PM,0.00812,812,6.567678928
3:37:00 PM,0.00814,814,6.568858624
3:37:01 PM,0.00815,815,6.570261002
3:37:02 PM,0.00816,816,6.565739155
3:37:03 PM,0.00817,817,6.564881802
3:37:04 PM,0.00818,818,6.567410946
3:37:05 PM,0.00819,819,6.565671444
3:37:06 PM,0.00821,821,6.562307835
3:37:07 PM,0.00822,822,6.55853796
3:37:08 PM,0.00823,823,6.558521271
3:37:09 PM,0.00824,824,6.555526257
3:37:10 PM,0.00825,825,6.550312519
3:37:11 PM,0.00826,826,6.554546833
3:37:12 PM,0.00828,828,6.549993992
3:37:13 PM,0.00829,829,6.551025868
3:37:14 PM,0.00830,830,6.548931599
3:37:15 PM,0.00831,831,6.545063973
3:37:16 PM,0.00832,832,6.540742397
3:37:17 PM,0.00833,833,6.541014195
3:37:18 PM,0.00834,834,6.541408062
3:37:19 PM,0.00836,836,6.538548946
3:37:20 PM,0.00837,837,6.533504009
3:37:21 PM,0.00838,838,6.533243179
3:37:22 PM,0.00839,839,6.533154964
3:37:23 PM,0.00840,840,6.529512405
3:37:24 PM,0.00841,841,6.527647972
3:37:25 PM,0.00843,843,6.526904106
3:37:26 PM,0.00844,844,6.525658131
3:37:27 PM,0.00845,845,6.522491932
3:37:28 PM,0.00846,846,6.517755985
3:37:29 PM,0.00847,847,6.513210297
3:37:30 PM,0.00848,848,6.513550758
3:37:31 PM,0.00850,850,6.513582707
3:37:32 PM,0.00851,851,6.511239052
3:37:33 PM,0.00852,852,6.508245468
3:37:34 PM,0.00853,853,6.505661011
3:37:35 PM,0.00854,854,6.503410816
3:37:36 PM,0.00855,855,6.502248764
3:37:37 PM,0.00856,856,6.497652531
3:37:38 PM,0.00858,858,6.493483067
3:37:39 PM,0.00859,859,6.4952631
3:37:40 PM,0.00860,860,6.49342823
3:37:41 PM,0.00861,861,6.491111279
3:37:42 PM,0.00862,862,6.486924171
3:37:43 PM,0.00863,863,6.483856678
3:37:44 PM,0.00865,865,6.48376894
3:37:45 PM,0.00866,866,6.482012272
3:37:46 PM,0.00867,867,6.478281975
3:37:47 PM,0.00868,868,6.47425127
3:37:48 PM,0.00869,869,6.474189758
3:37:49 PM,0.00870,870,6.473039627
3:37:50 PM,0.00872,872,6.465988636
3:37:51 PM,0.00873,873,6.459541321
3:37:52 PM,0.00874,874,6.457439423
3:37:53 PM,0.00875,875,6.456332684
3:37:54 PM,0.00876,876,6.457369328
3:37:55 PM,0.00877,877,6.451162815
3:37:56 PM,0.00878,878,6.451007843
3:37:57 PM,0.00880,880,6.453150749
3:37:58 PM,0.00881,881,6.452447414
3:37:59 PM,0.00882,882,6.450699806
3:38:00 PM,0.00883,883,6.444749355
3:38:01 PM,0.00884,884,6.445054054
3:38:02 PM,0.00885,885,6.445875168
3:38:03 PM,0.00887,887,6.442619324
3:38:04 PM,0.00888,888,6.438551426
3:38:05 PM,0.00889,889,6.434084415
3:38:06 PM,0.00890,890,6.434646606
3:38:07 PM,0.00891,891,6.435451984
3:38:08 PM,0.00892,892,6.428076744
3:38:09 PM,0.00894,894,6.424247742
3:38:10 PM,0.00895,895,6.423671722
3:38:11 PM,0.00896,896,6.422876358
3:38:12 PM,0.00897,897,6.419826031
3:38:13 PM,0.00898,898,6.414351463
3:38:14 PM,0.00899,899,6.41132021
3:38:15 PM,0.00900,900,6.417648792
3:38:16 PM,0.00902,902,6.410868645
3:38:17 PM,0.00903,903,6.405291557
3:38:18 PM,0.00904,904,6.400956154
3:38:19 PM,0.00905,905,6.401042461
3:38:20 PM,0.00906,906,6.401423931
3:38:21 PM,0.00907,907,6.398329735
3:38:22 PM,0.00909,909,6.393933773
3:38:23 PM,0.00910,910,6.389404297
3:38:24 PM,0.00911,911,6.390251637
3:38:25 PM,0.00912,912,6.389165878
3:38:26 PM,0.00913,913,6.383721829
3:38:27 PM,0.00914,914,6.382105351
3:38:28 PM,0.00915,915,6.38201046
3:38:29 PM,0.00917,917,6.379818916
3:38:30 PM,0.00918,918,6.378608227
3:38:31 PM,0.00919,919,6.372794151
3:38:32 PM,0.00920,920,6.372796059
3:38:33 PM,0.00921,921,6.37225008
3:38:34 PM,0.00922,922,6.370853901
3:38:35 PM,0.00924,924,6.364224434
3:38:36 PM,0.00925,925,6.365686417
3:38:37 PM,0.00926,926,6.364248276
3:38:38 PM,0.00927,927,6.362355709
3:38:39 PM,0.00928,928,6.356850624
3:38:40 PM,0.00929,929,6.354299545
3:38:41 PM,0.00931,931,6.352321625
3:38:42 PM,0.00932,932,6.354937077
3:38:43 PM,0.00933,933,6.350640297
3:38:44 PM,0.00934,934,6.345751762
3:38:45 PM,0.00935,935,6.342411518
3:38:46 PM,0.00936,936,6.340925694
3:38:47 PM,0.00937,937,6.341105938
3:38:48 PM,0.00939,939,6.337084293
3:38:49 PM,0.00940,940,6.331526279
3:38:50 PM,0.00941,941,6.330783367
3:38:51 PM,0.00942,942,6.329726696
3:38:52 PM,0.00943,943,6.327330113
3:38:53 PM,0.00944,944,6.322784424
3:38:54 PM,0.00946,946,6.319013119
3:38:55 PM,0.00947,947,6.321470261
3:38:56 PM,0.00948,948,6.318861485
3:38:57 PM,0.00949,949,6.314329147
3:38:58 PM,0.00950,950,6.310983658
3:38:59 PM,0.00951,951,6.309249401
3:39:00 PM,0.00953,953,6.30733633
3:39:01 PM,0.00954,954,6.304998398
3:39:02 PM,0.00955,955,6.297605991
3:39:03 PM,0.00956,956,6.294704914
3:39:04 PM,0.00957,957,6.294908524
3:39:05 PM,0.00958,958,6.291991711
3:39:06 PM,0.00959,959,6.286584377
3:39:07 PM,0.00961,961,6.281265736
3:39:08 PM,0.00962,962,6.282818794
3:39:09 PM,0.00963,963,6.283417225
3:39:10 PM,0.00964,964,6.278962135
3:39:11 PM,0.00965,965,6.274394035
3:39:12 PM,0.00966,966,6.271785736
3:39:13 PM,0.00968,968,6.272824764
3:39:14 PM,0.00969,969,6.271458149
3:39:15 PM,0.00970,970,6.265172958
3:39:16 PM,0.00971,971,6.260763168
3:39:17 PM,0.00972,972,6.259690285
3:39:18 PM,0.00973,973,6.259999275
3:39:19 PM,0.00975,975,6.256161213
3:39:20 PM,0.00976,976,6.250666142
3:39:21 PM,0.00977,977,6.250327587
3:39:22 PM,0.00978,978,6.249832153
3:39:23 PM,0.00979,979,6.250645638
3:39:24 PM,0.00980,980,6.24181366
3:39:25 PM,0.00981,981,6.236843109
3:39:26 PM,0.00983,983,6.237627506
3:39:27 PM,0.00984,984,6.236668587
3:39:28 PM,0.00985,985,6.230233669
3:39:29 PM,0.00986,986,6.226562023
3:39:30 PM,0.00987,987,6.224187374
3:39:31 PM,0.00988,988,6.223917484
3:39:32 PM,0.00990,990,6.220826149
3:39:33 PM,0.00991,991,6.215025425
3:39:34 PM,0.00992,992,6.212926865
3:39:35 PM,0.00993,993,6.210829735
3:39:36 PM,0.00994,994,6.208111763
3:39:37 PM,0.00995,995,6.204308987
3:39:38 PM,0.00997,997,6.198969841
3:39:39 PM,0.00998,998,6.198055267
3:39:40 PM,0.00999,999,6.196255684
3:39:41 PM,0.01000,"1,000",6.194902897
3:39:42 PM,0.01001,"1,001",6.1887784
3:39:43 PM,0.01002,"1,002",6.187120915
3:39:44 PM,0.01003,"1,003",6.188578606
3:39:45 PM,0.01005,"1,005",6.187011242
3:39:46 PM,0.01006,"1,006",6.178424835
3:39:47 PM,0.01007,"1,007",6.175706387
3:39:48 PM,0.01008,"1,008",6.174386025
3:39:49 PM,0.01009,"1,009",6.171384811
3:39:50 PM,0.01010,"1,010",6.168059349
3:39:51 PM,0.01012,"1,012",6.162606716
3:39:52 PM,0.01013,"1,013",6.159578323
3:39:53 PM,0.01014,"1,014",6.158183575
3:39:54 PM,0.01015,"1,015",6.157628536
3:39:55 PM,0.01016,"1,016",6.151181221
3:39:56 PM,0.01017,"1,017",6.146202564
3:39:57 PM,0.01019,"1,019",6.145823479
3:39:58 PM,0.01020,"1,020",6.143938541
3:39:59 PM,0.01021,"1,021",6.140068531
3:40:00 PM,0.01022,"1,022",6.134642124
3:40:01 PM,0.01023,"1,023",6.132279873
3:40:02 PM,0.01024,"1,024",6.138884068
3:40:03 PM,0.01025,"1,025",6.125659943
3:40:04 PM,0.01027,"1,027",6.120454311
3:40:05 PM,0.01028,"1,028",6.115154266
3:40:06 PM,0.01029,"1,029",6.114032269
3:40:07 PM,0.01030,"1,030",6.112662315
3:40:08 PM,0.01031,"1,031",6.106571674
3:40:09 PM,0.01032,"1,032",6.102678776
3:40:10 PM,0.01034,"1,034",6.098753452
3:40:11 PM,0.01035,"1,035",6.097762585
3:40:12 PM,0.01036,"1,036",6.097162247
3:40:13 PM,0.01037,"1,037",6.089226246
3:40:14 PM,0.01038,"1,038",6.084045887
3:40:15 PM,0.01039,"1,039",6.082565308
3:40:16 PM,0.01040,"1,040",6.080197334
3:40:17 PM,0.01042,"1,042",6.075372696
3:40:18 PM,0.01043,"1,043",6.068723202
3:40:19 PM,0.01044,"1,044",6.068230152
3:40:20 PM,0.01045,"1,045",6.064537048
3:40:21 PM,0.01046,"1,046",6.059239388
3:40:22 PM,0.01047,"1,047",6.054238796
3:40:23 PM,0.01049,"1,049",6.047435761
3:40:24 PM,0.01050,"1,050",6.045239449
3:40:25 PM,0.01051,"1,051",6.043747902
3:40:26 PM,0.01052,"1,052",6.035620689
3:40:27 PM,0.01053,"1,053",6.031104565
3:40:28 PM,0.01054,"1,054",6.027735233
3:40:29 PM,0.01056,"1,056",6.027091026
3:40:30 PM,0.01057,"1,057",6.023115635
3:40:31 PM,0.01058,"1,058",6.01283741
3:40:32 PM,0.01059,"1,059",6.011368752
3:40:33 PM,0.01060,"1,060",6.008559227
3:40:34 PM,0.01061,"1,061",6.00588274
3:40:35 PM,0.01062,"1,062",5.997635841
3:40:36 PM,0.01064,"1,064",5.991388321
3:40:37 PM,0.01065,"1,065",5.990186691
3:40:38 PM,0.01066,"1,066",5.986952782
3:40:39 PM,0.01067,"1,067",5.977818966
3:40:40 PM,0.01068,"1,068",5.974263668
3:40:41 PM,0.01069,"1,069",5.966184139
3:40:42 PM,0.01071,"1,071",5.963931561
3:40:43 PM,0.01072,"1,072",5.95695734
3:40:44 PM,0.01073,"1,073",5.945343018
3:40:45 PM,0.01074,"1,074",5.970921516
3:40:46 PM,0.01075,"1,075",5.94594717
3:40:47 PM,0.01076,"1,076",5.940095902
3:40:48 PM,0.01078,"1,078",5.937990189
3:40:49 PM,0.01079,"1,079",5.925871849
3:40:50 PM,0.01080,"1,080",5.921297073
3:40:51 PM,0.01081,"1,081",5.916881561
3:40:52 PM,0.01082,"1,082",5.911911011
3:40:53 PM,0.01083,"1,083",5.904241562
3:40:54 PM,0.01084,"1,084",5.899094105
3:40:55 PM,0.01086,"1,086",5.897808552
3:40:56 PM,0.01087,"1,087",5.894491196
3:40:57 PM,0.01088,"1,088",5.887289524
3:40:58 PM,0.01089,"1,089",5.880175591
3:40:59 PM,0.01090,"1,090",5.875408649
3:41:00 PM,0.01091,"1,091",5.870794773
3:41:01 PM,0.01093,"1,093",5.867866993
3:41:02 PM,0.01094,"1,094",5.858473301
3:41:03 PM,0.01095,"1,095",5.852583885
3:41:04 PM,0.01096,"1,096",5.852092743
3:41:05 PM,0.01097,"1,097",5.845964909
3:41:06 PM,0.01098,"1,098",5.83533144
3:41:07 PM,0.01100,"1,100",5.834256649
3:41:08 PM,0.01101,"1,101",5.834179401
3:41:09 PM,0.01102,"1,102",5.830887318
3:41:10 PM,0.01103,"1,103",5.81995678
3:41:11 PM,0.01104,"1,104",5.8134408
3:41:12 PM,0.01105,"1,105",5.801938534
3:41:13 PM,0.01106,"1,106",5.791367054
3:41:14 PM,0.01108,"1,108",5.801959038
3:41:15 PM,0.01109,"1,109",5.777777672
3:41:16 PM,0.01110,"1,110",5.779339314
3:41:17 PM,0.01111,"1,111",5.762835503
3:41:18 PM,0.01112,"1,112",5.76125145
3:41:19 PM,0.01113,"1,113",5.754770756
3:41:20 PM,0.01115,"1,115",5.745338917
3:41:21 PM,0.01116,"1,116",5.743296146
3:41:22 PM,0.01117,"1,117",5.73304987
3:41:23 PM,0.01118,"1,118",5.739005566
3:41:24 PM,0.01119,"1,119",5.708627224
3:41:25 PM,0.01120,"1,120",5.70844841
3:41:26 PM,0.01122,"1,122",5.709387302
3:41:27 PM,0.01123,"1,123",5.699787617
3:41:28 PM,0.01124,"1,124",5.680809498
3:41:29 PM,0.01125,"1,125",5.681385994
3:41:30 PM,0.01126,"1,126",5.666808128
3:41:31 PM,0.01127,"1,127",5.661583901
3:41:32 PM,0.01128,"1,128",5.653288841
3:41:33 PM,0.01130,"1,130",5.639684677
3:41:34 PM,0.01131,"1,131",5.631648541
3:41:35 PM,0.01132,"1,132",5.624738693
3:41:36 PM,0.01133,"1,133",5.620259762
3:41:37 PM,0.01134,"1,134",5.609143734
3:41:38 PM,0.01135,"1,135",5.59986639
3:41:39 PM,0.01137,"1,137",5.591332912
3:41:40 PM,0.01138,"1,138",5.589054585
3:41:41 PM,0.01139,"1,139",5.581676006
3:41:42 PM,0.01140,"1,140",5.572823048
3:41:43 PM,0.01141,"1,141",5.560367584
3:41:44 PM,0.01142,"1,142",5.557028294
3:41:45 PM,0.01144,"1,144",5.544216156
3:41:46 PM,0.01145,"1,145",5.542202473
3:41:47 PM,0.01146,"1,146",5.522696018
3:41:48 PM,0.01147,"1,147",5.508522987
3:41:49 PM,0.01148,"1,148",5.499326229
3:41:50 PM,0.01149,"1,149",5.486662865
3:41:51 PM,0.01150,"1,150",5.471171379
3:41:52 PM,0.01152,"1,152",5.464938164
3:41:53 PM,0.01153,"1,153",5.454784393
3:41:54 PM,0.01154,"1,154",5.44802475
3:41:55 PM,0.01155,"1,155",5.430483341
3:41:56 PM,0.01156,"1,156",5.411429882
3:41:57 PM,0.01157,"1,157",5.397851467
3:41:58 PM,0.01159,"1,159",5.396260738
3:41:59 PM,0.01160,"1,160",5.378537178
3:42:00 PM,0.01161,"1,161",5.366184712
3:42:01 PM,0.01162,"1,162",5.357139587
3:42:02 PM,0.01163,"1,163",5.34399271
3:42:03 PM,0.01164,"1,164",5.350539208
3:42:04 PM,0.01165,"1,165",5.330269337
3:42:05 PM,0.01167,"1,167",5.320197105
3:42:06 PM,0.01168,"1,168",5.310164928
3:42:07 PM,0.01169,"1,169",5.299744606
3:42:08 PM,0.01170,"1,170",5.283527374
3:42:09 PM,0.01171,"1,171",5.269579887
3:42:10 PM,0.01172,"1,172",5.256750107
3:42:11 PM,0.01174,"1,174",5.244925022
3:42:12 PM,0.01175,"1,175",5.234627247
3:42:13 PM,0.01176,"1,176",5.218273163
3:42:14 PM,0.01177,"1,177",5.233697891
3:42:15 PM,0.01178,"1,178",5.192218781
3:42:16 PM,0.01179,"1,179",5.184108734
3:42:17 PM,0.01181,"1,181",5.166065693
3:42:18 PM,0.01182,"1,182",5.146245956
3:42:19 PM,0.01183,"1,183",5.136774063
3:42:20 PM,0.01184,"1,184",5.128251553
3:42:21 PM,0.01185,"1,185",5.094286442
3:42:22 PM,0.01186,"1,186",5.066069603
3:42:23 PM,0.01187,"1,187",5.046385288
3:42:24 PM,0.01189,"1,189",5.03587532
3:42:25 PM,0.01190,"1,190",5.022316933
3:42:26 PM,0.01191,"1,191",5.002418518
3:42:27 PM,0.01192,"1,192",4.983935833
3:42:28 PM,0.01193,"1,193",4.964391708
3:42:29 PM,0.01194,"1,194",4.950081825
3:42:30 PM,0.01196,"1,196",4.935854435
3:42:31 PM,0.01197,"1,197",4.910512447
3:42:32 PM,0.01198,"1,198",4.887729168
3:42:33 PM,0.01199,"1,199",4.87223053
3:42:34 PM,0.01200,"1,200",4.86256361
3:42:35 PM,0.01201,"1,201",4.835131645
3:42:36 PM,0.01203,"1,203",4.814925671
3:42:37 PM,0.01204,"1,204",4.803125382
3:42:38 PM,0.01205,"1,205",4.787468433
3:42:39 PM,0.01206,"1,206",4.766089916
3:42:40 PM,0.01207,"1,207",4.74874258
3:42:41 PM,0.01208,"1,208",4.734333038
3:42:42 PM,0.01209,"1,209",4.718997479
3:42:43 PM,0.01211,"1,211",4.709301949
3:42:44 PM,0.01212,"1,212",4.692457676
3:42:45 PM,0.01213,"1,213",4.678777695
3:42:46 PM,0.01214,"1,214",4.669669628
3:42:47 PM,0.01215,"1,215",4.65692234
3:42:48 PM,0.01216,"1,216",4.648718834
3:42:49 PM,0.01218,"1,218",4.633155823
3:42:50 PM,0.01219,"1,219",4.625700951
3:42:51 PM,0.01220,"1,220",4.616528034
3:42:52 PM,0.01221,"1,221",4.597272396
3:42:53 PM,0.01222,"1,222",4.598256588
3:42:54 PM,0.01223,"1,223",4.57101059
3:42:55 PM,0.01225,"1,225",4.564426422
3:42:56 PM,0.01226,"1,226",4.557815075
3:42:57 PM,0.01227,"1,227",4.544973373
3:42:58 PM,0.01228,"1,228",4.537073135
3:42:59 PM,0.01229,"1,229",4.532274723
3:43:00 PM,0.01230,"1,230",4.530283451
3:43:01 PM,0.01231,"1,231",4.527219296
3:43:02 PM,0.01233,"1,233",4.516295433
3:43:03 PM,0.01234,"1,234",4.50749588
3:43:04 PM,0.01235,"1,235",4.503685474
3:43:05 PM,0.01236,"1,236",4.490960598
3:43:06 PM,0.01237,"1,237",4.475913048
3:43:07 PM,0.01238,"1,238",4.455931187
3:43:08 PM,0.01240,"1,240",4.445812225
3:43:09 PM,0.01241,"1,241",4.439013958
3:43:10 PM,0.01242,"1,242",4.428770065
3:43:11 PM,0.01243,"1,243",4.420568943
3:43:12 PM,0.01244,"1,244",4.41471529
3:43:13 PM,0.01245,"1,245",4.407654762
3:43:14 PM,0.01247,"1,247",4.405233383
3:43:15 PM,0.01248,"1,248",4.395581722
3:43:16 PM,0.01249,"1,249",4.385735989
3:43:17 PM,0.01250,"1,250",4.38678503
3:43:18 PM,0.01251,"1,251",4.378441334
3:43:19 PM,0.01252,"1,252",4.360370636
3:43:20 PM,0.01253,"1,253",4.358528137
3:43:21 PM,0.01255,"1,255",4.350775719
3:43:22 PM,0.01256,"1,256",4.342946529
3:43:23 PM,0.01257,"1,257",4.335731506
3:43:24 PM,0.01258,"1,258",4.329116821
3:43:25 PM,0.01259,"1,259",4.318378449
3:43:26 PM,0.01260,"1,260",4.31596899
3:43:27 PM,0.01262,"1,262",4.309442997
3:43:28 PM,0.01263,"1,263",4.300638676
3:43:29 PM,0.01264,"1,264",4.294892788
3:43:30 PM,0.01265,"1,265",4.291242123
3:43:31 PM,0.01266,"1,266",4.288813591
3:43:32 PM,0.01267,"1,267",4.299135208
3:43:33 PM,0.01269,"1,269",4.273766041
3:43:34 PM,0.01270,"1,270",4.265828133
3:43:35 PM,0.01271,"1,271",4.271025181
3:43:36 PM,0.01272,"1,272",4.263052464
3:43:37 PM,0.01273,"1,273",4.258417606
3:43:38 PM,0.01274,"1,274",4.248825073
3:43:39 PM,0.01275,"1,275",4.254422188
3:43:40 PM,0.01277,"1,277",4.24519968
3:43:41 PM,0.01278,"1,278",4.239112377
3:43:42 PM,0.01279,"1,279",4.230739594
3:43:43 PM,0.01280,"1,280",4.22304678
3:43:44 PM,0.01281,"1,281",4.222777844
3:43:45 PM,0.01282,"1,282",4.217053413
3:43:46 PM,0.01284,"1,284",4.210580349
3:43:47 PM,0.01285,"1,285",4.204913139
3:43:48 PM,0.01286,"1,286",4.200111866
3:43:49 PM,0.01287,"1,287",4.20041275
3:43:50 PM,0.01288,"1,288",4.200356484
3:43:51 PM,0.01289,"1,289",4.194468975
3:43:52 PM,0.01290,"1,290",4.193168163
3:43:53 PM,0.01292,"1,292",4.18634367
3:43:54 PM,0.01293,"1,293",4.183974266
3:43:55 PM,0.01294,"1,294",4.179468632
3:43:56 PM,0.01295,"1,295",4.16986227
3:43:57 PM,0.01296,"1,296",4.170754433
3:43:58 PM,0.01297,"1,297",4.168788433
3:43:59 PM,0.01299,"1,299",4.164079189
3:44:00 PM,0.01300,"1,300",4.157002449
3:44:01 PM,0.01301,"1,301",4.152067661
3:44:02 PM,0.01302,"1,302",4.149002552
3:44:03 PM,0.01303,"1,303",4.144819737
3:44:04 PM,0.01304,"1,304",4.141153336
3:44:05 PM,0.01306,"1,306",4.136178017
3:44:06 PM,0.01307,"1,307",4.131903172
3:44:07 PM,0.01308,"1,308",4.135184765
3:44:08 PM,0.01309,"1,309",4.132870197
3:44:09 PM,0.01310,"1,310",4.128826618
3:44:10 PM,0.01311,"1,311",4.127214909
3:44:11 PM,0.01312,"1,312",4.124360561
3:44:12 PM,0.01314,"1,314",4.119404793
3:44:13 PM,0.01315,"1,315",4.112696171
3:44:14 PM,0.01316,"1,316",4.108617783
3:44:15 PM,0.01317,"1,317",4.10974741
3:44:16 PM,0.01318,"1,318",4.103256702
3:44:17 PM,0.01319,"1,319",4.096325398
3:44:18 PM,0.01321,"1,321",4.092278481
3:44:19 PM,0.01322,"1,322",4.088644028
3:44:20 PM,0.01323,"1,323",4.088068962
3:44:21 PM,0.01324,"1,324",4.103162289
3:44:22 PM,0.01325,"1,325",4.088864327
3:44:23 PM,0.01326,"1,326",4.081870079
3:44:24 PM,0.01328,"1,328",4.079438686
3:44:25 PM,0.01329,"1,329",4.077951431
3:44:26 PM,0.01330,"1,330",4.070735931
3:44:27 PM,0.01331,"1,331",4.066296578
3:44:28 PM,0.01332,"1,332",4.064898491
3:44:29 PM,0.01333,"1,333",4.062408447
3:44:30 PM,0.01334,"1,334",4.059666157
3:44:31 PM,0.01336,"1,336",4.055672646
3:44:32 PM,0.01337,"1,337",4.052321434
3:44:33 PM,0.01338,"1,338",4.05205822
3:44:34 PM,0.01339,"1,339",4.045819283
3:44:35 PM,0.01340,"1,340",4.066159725
3:44:36 PM,0.01341,"1,341",4.041054726
3:44:37 PM,0.01343,"1,343",4.040520191
3:44:38 PM,0.01344,"1,344",4.037331581
3:44:39 PM,0.01345,"1,345",4.03412962
3:44:40 PM,0.01346,"1,346",4.030379295
3:44:41 PM,0.01347,"1,347",4.025669098
3:44:42 PM,0.01348,"1,348",4.027704716
3:44:43 PM,0.01350,"1,350",4.026484966
3:44:44 PM,0.01351,"1,351",4.023355961
3:44:45 PM,0.01352,"1,352",4.032389164
3:44:46 PM,0.01353,"1,353",4.013922215
3:44:47 PM,0.01354,"1,354",4.02011776
3:44:48 PM,0.01355,"1,355",4.021461964
3:44:49 PM,0.01356,"1,356",4.006829739
3:44:50 PM,0.01358,"1,358",4.005000114
3:44:51 PM,0.01359,"1,359",4.005908489
3:44:52 PM,0.01360,"1,360",4.003311157
3:44:53 PM,0.01361,"1,361",3.996726275
3:44:54 PM,0.01362,"1,362",3.992347002
3:44:55 PM,0.01363,"1,363",3.994166136
3:44:56 PM,0.01365,"1,365",3.993049622
3:44:57 PM,0.01366,"1,366",3.987897873
3:44:58 PM,0.01367,"1,367",3.990919352
3:44:59 PM,0.01368,"1,368",4.01552248
3:45:00 PM,0.01369,"1,369",3.985939026
3:45:01 PM,0.01370,"1,370",3.986432791
3:45:02 PM,0.01372,"1,372",3.98088789
3:45:03 PM,0.01373,"1,373",4.035486698
3:45:04 PM,0.01374,"1,374",3.991376877
3:45:05 PM,0.01375,"1,375",3.99909091
3:45:06 PM,0.01376,"1,376",3.975018024
3:45:07 PM,0.01377,"1,377",3.970591784
3:45:08 PM,0.01378,"1,378",3.96911931
3:45:09 PM,0.01380,"1,380",3.968280315
3:45:10 PM,0.01381,"1,381",3.966099978
3:45:11 PM,0.01382,"1,382",3.958978415
3:45:12 PM,0.01383,"1,383",3.955548763
3:45:13 PM,0.01384,"1,384",3.950507402
3:45:14 PM,0.01385,"1,385",3.956427813
3:45:15 PM,0.01387,"1,387",3.947620392
3:45:16 PM,0.01388,"1,388",3.947939158
3:45:17 PM,0.01389,"1,389",3.944951534
3:45:18 PM,0.01390,"1,390",3.944249153
3:45:19 PM,0.01391,"1,391",3.935437679
3:45:20 PM,0.01392,"1,392",3.933282852
3:45:21 PM,0.01394,"1,394",3.931152582
3:45:22 PM,0.01395,"1,395",3.932108164
3:45:23 PM,0.01396,"1,396",3.930386305
3:45:24 PM,0.01397,"1,397",3.927895069
3:45:25 PM,0.01398,"1,398",3.924595594
3:45:26 PM,0.01399,"1,399",3.9261446
3:45:27 PM,0.01400,"1,400",3.925019741
3:45:28 PM,0.01402,"1,402",3.919775486
3:45:29 PM,0.01403,"1,403",3.918376684
3:45:30 PM,0.01404,"1,404",3.914234161
3:45:31 PM,0.01405,"1,405",3.914645672
3:45:32 PM,0.01406,"1,406",3.914880991
3:45:33 PM,0.01407,"1,407",3.90748477
3:45:34 PM,0.01409,"1,409",3.904731274
3:45:35 PM,0.01410,"1,410",3.905235529
3:45:36 PM,0.01411,"1,411",3.906169415
3:45:37 PM,0.01412,"1,412",3.909143448
3:45:38 PM,0.01413,"1,413",3.923939467
3:45:39 PM,0.01414,"1,414",3.904600143
3:45:40 PM,0.01415,"1,415",3.913612604
3:45:41 PM,0.01417,"1,417",3.900939465
3:45:42 PM,0.01418,"1,418",3.898470402
3:45:43 PM,0.01419,"1,419",3.891761541
3:45:44 PM,0.01420,"1,420",3.900885344
3:45:45 PM,0.01421,"1,421",3.90079093
3:45:46 PM,0.01422,"1,422",3.890188694
3:45:47 PM,0.01424,"1,424",3.891605616
3:45:48 PM,0.01425,"1,425",3.885959864
3:45:49 PM,0.01426,"1,426",3.889057636
3:45:50 PM,0.01427,"1,427",3.883989096
3:45:51 PM,0.01428,"1,428",3.882872343
3:45:52 PM,0.01429,"1,429",3.893804073
3:45:53 PM,0.01431,"1,431",3.891908884
3:45:54 PM,0.01432,"1,432",3.881983995
3:45:55 PM,0.01433,"1,433",3.883838892
3:45:56 PM,0.01434,"1,434",3.874607801
3:45:57 PM,0.01435,"1,435",3.883767605
3:45:58 PM,0.01436,"1,436",3.885370493
3:45:59 PM,0.01437,"1,437",3.883906364
3:46:00 PM,0.01439,"1,439",3.869476557
3:46:01 PM,0.01440,"1,440",3.897653103
3:46:02 PM,0.01441,"1,441",3.899080753
3:46:03 PM,0.01442,"1,442",3.882851124
3:46:04 PM,0.01443,"1,443",3.887426853
3:46:05 PM,0.01444,"1,444",3.907274723
3:46:06 PM,0.01446,"1,446",3.961009264
3:46:07 PM,0.01447,"1,447",3.883592606
3:46:08 PM,0.01448,"1,448",3.894285202
3:46:09 PM,0.01449,"1,449",3.875333786
3:46:10 PM,0.01450,"1,450",3.877939224
3:46:11 PM,0.01451,"1,451",3.860948324
3:46:12 PM,0.01453,"1,453",3.865132093
3:46:13 PM,0.01454,"1,454",3.914798498
3:46:14 PM,0.01455,"1,455",3.85821867
3:46:15 PM,0.01456,"1,456",3.841741562
3:46:16 PM,0.01457,"1,457",3.935955048
3:46:17 PM,0.01458,"1,458",4.097184658
3:46:18 PM,0.01459,"1,459",3.838712454
3:46:19 PM,0.01461,"1,461",3.836544991
3:46:20 PM,0.01462,"1,462",3.839168787
3:46:21 PM,0.01463,"1,463",3.838030338
3:46:22 PM,0.01464,"1,464",3.832190275
3:46:23 PM,0.01465,"1,465",3.832365274
3:46:24 PM,0.01466,"1,466",3.832925797
3:46:25 PM,0.01468,"1,468",3.831561804
3:46:26 PM,0.01469,"1,469",3.82695055
3:46:27 PM,0.01470,"1,470",3.82673502
3:46:28 PM,0.01471,"1,471",3.824185133
3:46:29 PM,0.01472,"1,472",3.822112322
3:46:30 PM,0.01473,"1,473",3.825231552
3:46:31 PM,0.01475,"1,475",3.819257975
3:46:32 PM,0.01476,"1,476",3.8185606
3:46:33 PM,0.01477,"1,477",3.819172621
3:46:34 PM,0.01478,"1,478",3.821512222
3:46:35 PM,0.01479,"1,479",3.813305616
3:46:36 PM,0.01480,"1,480",3.813075304
3:46:37 PM,0.01481,"1,481",3.812305689
3:46:38 PM,0.01483,"1,483",3.815531969
3:46:39 PM,0.01484,"1,484",3.808294773
3:46:40 PM,0.01485,"1,485",3.802206278
3:46:41 PM,0.01486,"1,486",3.810743094
3:46:42 PM,0.01487,"1,487",3.807446241
3:46:43 PM,0.01488,"1,488",3.805759907
3:46:44 PM,0.01490,"1,490",3.804671049
3:46:45 PM,0.01491,"1,491",3.794635773
3:46:46 PM,0.01492,"1,492",3.797672987
3:46:47 PM,0.01493,"1,493",3.797739029
3:46:48 PM,0.01494,"1,494",3.800241709
3:46:49 PM,0.01495,"1,495",3.796433926
3:46:50 PM,0.01497,"1,497",3.797729254
3:46:51 PM,0.01498,"1,498",3.795974255
3:46:52 PM,0.01499,"1,499",3.801009417
3:46:53 PM,0.01500,"1,500",3.793889046
3:46:54 PM,0.01501,"1,501",3.788999796
3:46:55 PM,0.01502,"1,502",3.797923088
3:46:56 PM,0.01503,"1,503",3.791912317
3:46:57 PM,0.01505,"1,505",3.789947033
3:46:58 PM,0.01506,"1,506",3.781636
3:46:59 PM,0.01507,"1,507",3.786282778
3:47:00 PM,0.01508,"1,508",3.785042763
3:47:01 PM,0.01509,"1,509",3.790197611
3:47:02 PM,0.01510,"1,510",3.786058426
3:47:03 PM,0.01512,"1,512",3.779147148
3:47:04 PM,0.01513,"1,513",3.783115387
3:47:05 PM,0.01514,"1,514",3.781640768
3:47:06 PM,0.01515,"1,515",3.779691696
3:47:07 PM,0.01516,"1,516",3.779030323
3:47:08 PM,0.01517,"1,517",3.775169611
3:47:09 PM,0.01519,"1,519",3.781562805
3:47:10 PM,0.01520,"1,520",3.77199626
3:47:11 PM,0.01521,"1,521",3.768694639
3:47:12 PM,0.01522,"1,522",3.773128033
3:47:13 PM,0.01523,"1,523",3.771687985
3:47:14 PM,0.01524,"1,524",3.774981976
3:47:15 PM,0.01525,"1,525",3.762601137
3:47:16 PM,0.01527,"1,527",3.764982462
3:47:17 PM,0.01528,"1,528",3.763665915
3:47:18 PM,0.01529,"1,529",3.765268087
3:47:19 PM,0.01530,"1,530",3.800917149
3:47:20 PM,0.01531,"1,531",3.776923895
3:47:21 PM,0.01532,"1,532",3.75625658
3:47:22 PM,0.01534,"1,534",3.761191607
3:47:23 PM,0.01535,"1,535",3.757876396
3:47:24 PM,0.01536,"1,536",3.756521463
3:47:25 PM,0.01537,"1,537",3.752354622
3:47:26 PM,0.01538,"1,538",3.754191399
3:47:27 PM,0.01539,"1,539",3.755911589
3:47:28 PM,0.01540,"1,540",3.750653029
3:47:29 PM,0.01542,"1,542",3.745550394
3:47:30 PM,0.01543,"1,543",3.745810747
3:47:31 PM,0.01544,"1,544",3.746303797
3:47:32 PM,0.01545,"1,545",3.749431849
3:47:33 PM,0.01546,"1,546",3.756694555
3:47:34 PM,0.01547,"1,547",3.761909246
3:47:35 PM,0.01549,"1,549",3.738786459
3:47:36 PM,0.01550,"1,550",3.742676258
3:47:37 PM,0.01551,"1,551",3.737000942
3:47:38 PM,0.01552,"1,552",3.731266737
3:47:39 PM,0.01553,"1,553",3.742574453
3:47:40 PM,0.01554,"1,554",3.740489006
3:47:41 PM,0.01556,"1,556",3.738963127
3:47:42 PM,0.01557,"1,557",3.737072468
3:47:43 PM,0.01558,"1,558",3.734622955
3:47:44 PM,0.01559,"1,559",3.731631041
3:47:45 PM,0.01560,"1,560",3.73647809
3:47:46 PM,0.01561,"1,561",3.733889341
3:47:47 PM,0.01562,"1,562",3.733484507
3:47:48 PM,0.01564,"1,564",3.730358601
3:47:49 PM,0.01565,"1,565",3.730726481
3:47:50 PM,0.01566,"1,566",3.730551481
3:47:51 PM,0.01567,"1,567",3.726498842
3:47:52 PM,0.01568,"1,568",3.723779202
3:47:53 PM,0.01569,"1,569",3.722510576
3:47:54 PM,0.01571,"1,571",3.721964598
3:47:55 PM,0.01572,"1,572",3.720816135
3:47:56 PM,0.01573,"1,573",3.720275402
3:47:57 PM,0.01574,"1,574",3.71818471
3:47:58 PM,0.01575,"1,575",3.728188038
3:47:59 PM,0.01576,"1,576",3.717350721
3:48:00 PM,0.01578,"1,578",3.724475384
3:48:01 PM,0.01579,"1,579",3.716273069
3:48:02 PM,0.01580,"1,580",3.716868162
3:48:03 PM,0.01581,"1,581",3.719962597
3:48:04 PM,0.01582,"1,582",3.71299696
3:48:05 PM,0.01583,"1,583",3.710755348
3:48:06 PM,0.01584,"1,584",3.711364269
3:48:07 PM,0.01586,"1,586",3.711339474
3:48:08 PM,0.01587,"1,587",3.710539818
3:48:09 PM,0.01588,"1,588",3.705658674
3:48:10 PM,0.01589,"1,589",3.700731993
3:48:11 PM,0.01590,"1,590",3.706237793
3:48:12 PM,0.01591,"1,591",3.718401194
3:48:13 PM,0.01593,"1,593",3.702568293
3:48:14 PM,0.01594,"1,594",3.70365572
3:48:15 PM,0.01595,"1,595",3.700943708
3:48:16 PM,0.01596,"1,596",3.703509808
3:48:17 PM,0.01597,"1,597",3.698895216
3:48:18 PM,0.01598,"1,598",3.697613716
3:48:19 PM,0.01600,"1,600",3.700299978
3:48:20 PM,0.01601,"1,601",3.703075886
3:48:21 PM,0.01602,"1,602",3.700520039
3:48:22 PM,0.01603,"1,603",3.69459939
3:48:23 PM,0.01604,"1,604",3.691951275
3:48:24 PM,0.01605,"1,605",3.697288513
3:48:25 PM,0.01606,"1,606",3.696481705
3:48:26 PM,0.01608,"1,608",3.691125393
3:48:27 PM,0.01609,"1,609",3.689068556
3:48:28 PM,0.01610,"1,610",3.690863609
3:48:29 PM,0.01611,"1,611",3.700991154
3:48:30 PM,0.01612,"1,612",3.690497875
3:48:31 PM,0.01613,"1,613",3.688340426
3:48:32 PM,0.01615,"1,615",3.684340715
3:48:33 PM,0.01616,"1,616",3.683428049
3:48:34 PM,0.01617,"1,617",3.687321663
3:48:35 PM,0.01618,"1,618",3.679741859
3:48:36 PM,0.01619,"1,619",3.679439306
3:48:37 PM,0.01620,"1,620",3.681626558
3:48:38 PM,0.01622,"1,622",3.680001497
3:48:39 PM,0.01623,"1,623",3.679264307
3:48:40 PM,0.01624,"1,624",3.669183254
3:48:41 PM,0.01625,"1,625",3.684934378
3:48:42 PM,0.01626,"1,626",3.677810431
3:48:43 PM,0.01627,"1,627",3.674609184
3:48:44 PM,0.01628,"1,628",3.675172091
3:48:45 PM,0.01630,"1,630",3.668992996
3:48:46 PM,0.01631,"1,631",3.669901609
3:48:47 PM,0.01632,"1,632",3.673669815
3:48:48 PM,0.01633,"1,633",3.67090869
3:48:49 PM,0.01634,"1,634",3.669958115
3:48:50 PM,0.01635,"1,635",3.664959669
3:48:51 PM,0.01637,"1,637",3.66756177
3:48:52 PM,0.01638,"1,638",3.665645123
3:48:53 PM,0.01639,"1,639",3.661917925
3:48:54 PM,0.01640,"1,640",3.66320467
3:48:55 PM,0.01641,"1,641",3.664023399
3:48:56 PM,0.01642,"1,642",3.664243698
3:48:57 PM,0.01644,"1,644",3.662757635
3:48:58 PM,0.01645,"1,645",3.731088638
3:48:59 PM,0.01646,"1,646",3.662354946
3:49:00 PM,0.01647,"1,647",3.658570528
3:49:01 PM,0.01648,"1,648",3.658138514
3:49:02 PM,0.01649,"1,649",3.645018816
3:49:03 PM,0.01650,"1,650",3.644945145
3:49:04 PM,0.01652,"1,652",3.648626804
3:49:05 PM,0.01653,"1,653",3.653063536
3:49:06 PM,0.01654,"1,654",3.649582386
3:49:07 PM,0.01655,"1,655",3.644548416
3:49:08 PM,0.01656,"1,656",3.649655342
3:49:09 PM,0.01657,"1,657",3.841084719
3:49:10 PM,0.01659,"1,659",3.731919289
3:49:11 PM,0.01660,"1,660",3.706377745
3:49:12 PM,0.01661,"1,661",3.68943572
3:49:13 PM,0.01662,"1,662",3.69059372
3:49:14 PM,0.01663,"1,663",3.686825037
3:49:15 PM,0.01664,"1,664",3.687079907
3:49:16 PM,0.01665,"1,665",3.669820786
3:49:17 PM,0.01667,"1,667",3.672615767
3:49:18 PM,0.01668,"1,668",3.666790485
3:49:19 PM,0.01669,"1,669",3.664237022
3:49:20 PM,0.01670,"1,670",3.66567421
3:49:21 PM,0.01671,"1,671",3.658668757
3:49:22 PM,0.01672,"1,672",3.66552639
3:49:23 PM,0.01674,"1,674",3.653100729
3:49:24 PM,0.01675,"1,675",3.648425102
3:49:25 PM,0.01676,"1,676",3.642269611
3:49:26 PM,0.01677,"1,677",3.644173384
3:49:27 PM,0.01678,"1,678",3.641922474
3:49:28 PM,0.01679,"1,679",3.637942553
3:49:29 PM,0.01681,"1,681",3.766176224
3:49:30 PM,0.01682,"1,682",3.641751528
3:49:31 PM,0.01683,"1,683",3.637211561
3:49:32 PM,0.01684,"1,684",3.633137465
3:49:33 PM,0.01685,"1,685",3.633387089
3:49:34 PM,0.01686,"1,686",3.628816605
3:49:35 PM,0.01687,"1,687",3.632730484
3:49:36 PM,0.01689,"1,689",3.630138159
3:49:37 PM,0.01690,"1,690",3.630780459
3:49:38 PM,0.01691,"1,691",3.630541086
3:49:39 PM,0.01692,"1,692",3.633672714
3:49:40 PM,0.01693,"1,693",3.778087616
3:49:41 PM,0.01694,"1,694",3.712102652
3:49:42 PM,0.01696,"1,696",3.690486431
3:49:43 PM,0.01697,"1,697",3.677484989
3:49:44 PM,0.01698,"1,698",3.671895027
3:49:45 PM,0.01699,"1,699",3.678636551
3:49:46 PM,0.01700,"1,700",3.677977085
3:49:47 PM,0.01701,"1,701",3.663696528
3:49:48 PM,0.01703,"1,703",3.665393114
3:49:49 PM,0.01704,"1,704",3.660489321
3:49:50 PM,0.01705,"1,705",3.661405802
3:49:51 PM,0.01706,"1,706",3.640262127
3:49:52 PM,0.01707,"1,707",3.640394688
3:49:53 PM,0.01708,"1,708",3.639625788
3:49:54 PM,0.01709,"1,709",3.635720968
3:49:55 PM,0.01711,"1,711",3.656443358
3:49:56 PM,0.01712,"1,712",3.674372435
3:49:57 PM,0.01713,"1,713",3.630503655
3:49:58 PM,0.01714,"1,714",3.635024786
3:49:59 PM,0.01715,"1,715",3.621566773
3:50:00 PM,0.01716,"1,716",3.614731312
3:50:01 PM,0.01718,"1,718",3.617290497
3:50:02 PM,0.01719,"1,719",3.6536057
3:50:03 PM,0.01720,"1,720",3.659364224
3:50:04 PM,0.01721,"1,721",3.66643405
3:50:05 PM,0.01722,"1,722",3.662255526
3:50:06 PM,0.01723,"1,723",3.667274237
3:50:07 PM,0.01725,"1,725",3.654868841
3:50:08 PM,0.01726,"1,726",3.901860476
3:50:09 PM,0.01727,"1,727",3.73517108
3:50:10 PM,0.01728,"1,728",3.668003082
3:50:11 PM,0.01729,"1,729",3.645113945
3:50:12 PM,0.01730,"1,730",3.619267225
3:50:13 PM,0.01731,"1,731",3.624343872
3:50:14 PM,0.01733,"1,733",3.612099648
3:50:15 PM,0.01734,"1,734",3.640024185
3:50:16 PM,0.01735,"1,735",3.637375832
3:50:17 PM,0.01736,"1,736",3.639362574
3:50:18 PM,0.01737,"1,737",3.601747036
3:50:19 PM,0.01738,"1,738",3.614597559
3:50:20 PM,0.01740,"1,740",3.606287718
3:50:21 PM,0.01741,"1,741",3.599132776
3:50:22 PM,0.01742,"1,742",3.617503643
3:50:23 PM,0.01743,"1,743",3.612510681
3:50:24 PM,0.01744,"1,744",3.679964066
3:50:25 PM,0.01745,"1,745",3.666474342
3:50:26 PM,0.01747,"1,747",3.625392914
3:50:27 PM,0.01748,"1,748",3.7072649
3:50:28 PM,0.01749,"1,749",3.640045404
3:50:29 PM,0.01750,"1,750",3.720373154
3:50:30 PM,0.01751,"1,751",3.738821268
3:50:31 PM,0.01752,"1,752",3.72874403
3:50:32 PM,0.01753,"1,753",3.704155207
3:50:33 PM,0.01755,"1,755",3.696218967
3:50:34 PM,0.01756,"1,756",3.728263378
3:50:35 PM,0.01757,"1,757",3.716580391
3:50:36 PM,0.01758,"1,758",3.707588196
3:50:37 PM,0.01759,"1,759",3.691575766
3:50:38 PM,0.01760,"1,760",3.701200724
3:50:39 PM,0.01762,"1,762",3.799762011
3:50:40 PM,0.01763,"1,763",3.668786287
3:50:41 PM,0.01764,"1,764",3.681483984
3:50:42 PM,0.01765,"1,765",3.70158124
3:50:43 PM,0.01766,"1,766",3.735761166
3:50:44 PM,0.01767,"1,767",3.75007844
3:50:45 PM,0.01769,"1,769",3.724698782
3:50:46 PM,0.01770,"1,770",3.687693596
3:50:47 PM,0.01771,"1,771",3.683336496
3:50:48 PM,0.01772,"1,772",3.667941809
3:50:49 PM,0.01773,"1,773",3.684198618
3:50:50 PM,0.01774,"1,774",3.66133213
3:50:51 PM,0.01775,"1,775",3.684120417
3:50:52 PM,0.01777,"1,777",3.619367123
3:50:53 PM,0.01778,"1,778",3.63566947
3:50:54 PM,0.01779,"1,779",3.604562283
3:50:55 PM,0.01780,"1,780",3.594707012
3:50:56 PM,0.01781,"1,781",3.611714363
3:50:57 PM,0.01782,"1,782",3.617989779
3:50:58 PM,0.01784,"1,784",3.606886149
3:50:59 PM,0.01785,"1,785",3.597428322
3:51:00 PM,0.01786,"1,786",3.594915628
3:51:01 PM,0.01787,"1,787",3.591288567
3:51:02 PM,0.01788,"1,788",3.595192671
3:51:03 PM,0.01789,"1,789",3.708853006
3:51:04 PM,0.01790,"1,790",3.63264966
3:51:05 PM,0.01792,"1,792",3.624891281
3:51:06 PM,0.01793,"1,793",3.614992142
3:51:07 PM,0.01794,"1,794",3.613884687
3:51:08 PM,0.01795,"1,795",3.600962877
3:51:09 PM,0.01796,"1,796",3.602953911
3:51:10 PM,0.01797,"1,797",3.601168871
3:51:11 PM,0.01799,"1,799",3.598110676
3:51:12 PM,0.01800,"1,800",3.594568491
3:51:13 PM,0.01801,"1,801",3.590391159
3:51:14 PM,0.01802,"1,802",3.589985132
3:51:15 PM,0.01803,"1,803",3.586302996
3:51:16 PM,0.01804,"1,804",3.581266642